{"epoch/loss":0.0001273841189686209,"Test RMSE":1.0357106852630091,"epoch/learning_rate":0.0010000000474974513,"_timestamp":1.7333143451785216e+09,"_step":50,"epoch/val_loss":0.0001697433035587892,"_runtime":28.648729,"_wandb":{"runtime":96},"epoch/epoch":49}