{"_step":49,"epoch/loss":0.00012005444295937195,"epoch/val_loss":0.0002018531522480771,"epoch/epoch":49,"epoch/learning_rate":0.0010000000474974513,"_wandb":{"runtime":32},"_timestamp":1.7333136181352966e+09,"_runtime":28.7347017}