{"epoch/val_loss":0.00012698385398834944,"epoch/epoch":49,"_timestamp":1.7333144520603628e+09,"_wandb":{"runtime":139},"epoch/learning_rate":0.0010000000474974513,"_step":50,"_runtime":26.6928758,"Test RMSE":0.9776598493130554,"epoch/loss":0.00011972865468123928}