{"_runtime":30.3977932,"_step":99,"_wandb":{"runtime":31},"epoch/loss":0.0062632192857563496,"epoch/epoch":99,"epoch/learning_rate":0.0010000000474974513,"_timestamp":1.733300678439945e+09}