{"_step":99,"epoch/loss":0.5189060568809509,"epoch/acc":1,"epoch/epoch":99,"epoch/learning_rate":0.0010000000474974513,"_timestamp":1.7332995286179464e+09,"_wandb":{"runtime":5},"_runtime":5.1447415}