{"epoch/learning_rate":0.0010000000474974513,"_timestamp":1.7332996191254754e+09,"_runtime":25.2107124,"_step":999,"epoch/loss":0.011219452135264874,"epoch/acc":1,"_wandb":{"runtime":25},"epoch/epoch":999}